INSERT INTO User (username, firstname, lastname, password, email) VALUES ('sportslover','Paul','Walker','sha512$32aadab12b23452d936a2ab482959c95$584de7eed9b9662aff894e87e06688eebb81e07a275faf2ba6d0a49e7614a72ed3b0e3dd803a706661869e995660729338c9890bf93519c58fce1c395c9f9b24','sportslover@hotmail.com');
INSERT INTO User (username, firstname, lastname, password, email) VALUES ('traveler','Rebecca','Travolta','sha512$6183644baa68418aa9cdba266976557f$cb3c85db6db526d02d32b7cd0d9df596a14b93702db85e6d91d4141c995e756e4687edd3c8090630dd42e6223e66fef5393575689ab8f034231450d3ffdacfae','rebt@explorer.org');
INSERT INTO User (username, firstname, lastname, password, email) VALUES ('spacejunkie','Bob','Spacey','sha512$681dc0a5215142348eedbf4f8382c945$f826c114bf42909af23bd6b57ad5b52a1ba48e8499ba501b94192e0c74e7fbe0428cad6537a4c3483991c80443c5357e9cf0d08e1b3143c8e18a5d6ed6f4f86f','bspace@spacejunkies.net');
INSERT INTO Album (title, username, access) VALUES ('I love sports','sportslover','public');
INSERT INTO Album (title, username, access) VALUES ('I love football','sportslover','private');
INSERT INTO Album (title, username, access) VALUES ('Around The World','traveler','public');
INSERT INTO Album (title, username, access) VALUES ('Cool Space Shots','spacejunkie','private');
INSERT INTO Photo (picid) VALUES ('001025dd643b0eb0661e359de86e3ea9');
INSERT INTO Contain (sequencenum, albumid, picid, caption) VALUES (0,2,'001025dd643b0eb0661e359de86e3ea9','football_s1.jpg');
INSERT INTO Photo (picid) VALUES ('9a0a7d25af4f7a73f67dde74e8e54cff');
INSERT INTO Contain (sequencenum, albumid, picid, caption) VALUES (1,2,'9a0a7d25af4f7a73f67dde74e8e54cff','football_s2.jpg');
INSERT INTO Photo (picid) VALUES ('c8e60100f13ffe374d59e39dc4b6a318');
INSERT INTO Contain (sequencenum, albumid, picid, caption) VALUES (2,2,'c8e60100f13ffe374d59e39dc4b6a318','football_s3.jpg');
INSERT INTO Photo (picid) VALUES ('5e8b6207f007338243d3e29d6b82acab');
INSERT INTO Contain (sequencenum, albumid, picid, caption) VALUES (3,2,'5e8b6207f007338243d3e29d6b82acab','football_s4.jpg');
INSERT INTO Photo (picid) VALUES ('4ddba6e2f905e9778c6b6a48b6fc8e03');
INSERT INTO Contain (sequencenum, albumid, picid, caption) VALUES (5,4,'4ddba6e2f905e9778c6b6a48b6fc8e03','space_EagleNebula.jpg');
INSERT INTO Photo (picid) VALUES ('09d8a979fa638125b02ae1578eb943fa');
INSERT INTO Contain (sequencenum, albumid, picid, caption) VALUES (6,4,'09d8a979fa638125b02ae1578eb943fa','space_GalaxyCollision.jpg');
INSERT INTO Photo (picid) VALUES ('143ba34cb5c7e8f12420be1b576bda1a');
INSERT INTO Contain (sequencenum, albumid, picid, caption) VALUES (7,4,'143ba34cb5c7e8f12420be1b576bda1a','space_HelixNebula.jpg');
INSERT INTO Photo (picid) VALUES ('e615a10fc4222ede59ca3316c3fb751c');
INSERT INTO Contain (sequencenum, albumid, picid, caption) VALUES (8,4,'e615a10fc4222ede59ca3316c3fb751c','space_MilkyWay.jpg');
INSERT INTO Photo (picid) VALUES ('65fb1e2aa4977d9414d1b3a7e4a3badd');
INSERT INTO Contain (sequencenum, albumid, picid, caption) VALUES (9,4,'65fb1e2aa4977d9414d1b3a7e4a3badd','space_OrionNebula.jpg');
INSERT INTO Photo (picid) VALUES ('b94f256c23dec8a2c0da546849058d9e');
INSERT INTO Contain (sequencenum, albumid, picid, caption) VALUES (10,1,'b94f256c23dec8a2c0da546849058d9e','sports_s1.jpg');
INSERT INTO Photo (picid) VALUES ('01e37cbdd55913df563f527860b364e8');
INSERT INTO Contain (sequencenum, albumid, picid, caption) VALUES (11,1,'01e37cbdd55913df563f527860b364e8','sports_s2.jpg');
INSERT INTO Photo (picid) VALUES ('8d554cd1d8bb7b49ca798381d1fc171b');
INSERT INTO Contain (sequencenum, albumid, picid, caption) VALUES (12,1,'8d554cd1d8bb7b49ca798381d1fc171b','sports_s3.jpg');
INSERT INTO Photo (picid) VALUES ('2e9e69e19342b98141789925e5f87f60');
INSERT INTO Contain (sequencenum, albumid, picid, caption) VALUES (13,1,'2e9e69e19342b98141789925e5f87f60','sports_s4.jpg');
INSERT INTO Photo (picid) VALUES ('298e8943ef1942159ef88be21c4619c9');
INSERT INTO Contain (sequencenum, albumid, picid, caption) VALUES (14,1,'298e8943ef1942159ef88be21c4619c9','sports_s5.jpg');
INSERT INTO Photo (picid) VALUES ('cefe45eaeaeb599256dda325c2e972da');
INSERT INTO Contain (sequencenum, albumid, picid, caption) VALUES (15,1,'cefe45eaeaeb599256dda325c2e972da','sports_s6.jpg');
INSERT INTO Photo (picid) VALUES ('bf755d13bb78e1deb59ef66b6d5c6a70');
INSERT INTO Contain (sequencenum, albumid, picid, caption) VALUES (16,1,'bf755d13bb78e1deb59ef66b6d5c6a70','sports_s7.jpg');
INSERT INTO Photo (picid) VALUES ('5f8d7957874f1303d8300e50f17e46d6');
INSERT INTO Contain (sequencenum, albumid, picid, caption) VALUES (17,1,'5f8d7957874f1303d8300e50f17e46d6','sports_s8.jpg');
INSERT INTO Photo (picid) VALUES ('bac4fca50bed35b9a5646f632bf4c2e8');
INSERT INTO Contain (sequencenum, albumid, picid, caption) VALUES (18,3,'bac4fca50bed35b9a5646f632bf4c2e8','world_EiffelTower.jpg');
INSERT INTO Photo (picid) VALUES ('f5b57bd7a2c962c54d55b5ddece37158');
INSERT INTO Contain (sequencenum, albumid, picid, caption) VALUES (19,3,'f5b57bd7a2c962c54d55b5ddece37158','world_firenze.jpg');
INSERT INTO Photo (picid) VALUES ('b7d833dd3aae203ca618759fc6f4fc01');
INSERT INTO Contain (sequencenum, albumid, picid, caption) VALUES (20,3,'b7d833dd3aae203ca618759fc6f4fc01','world_GreatWall.jpg');
INSERT INTO Photo (picid) VALUES ('faa20c04097d40cb10793a19246f2754');
INSERT INTO Contain (sequencenum, albumid, picid, caption) VALUES (21,3,'faa20c04097d40cb10793a19246f2754','world_Isfahan.jpg');
INSERT INTO Photo (picid) VALUES ('aaaadd578c78d21defaa73e7d1f08235');
INSERT INTO Contain (sequencenum, albumid, picid, caption) VALUES (22,3,'aaaadd578c78d21defaa73e7d1f08235','world_Istanbul.jpg');
INSERT INTO Photo (picid) VALUES ('adb5c3af19664129141268feda90a275');
INSERT INTO Contain (sequencenum, albumid, picid, caption) VALUES (23,3,'adb5c3af19664129141268feda90a275','world_Persepolis.jpg');
INSERT INTO Photo (picid) VALUES ('abf97ffd1f964f42790fb358e5258e8d');
INSERT INTO Contain (sequencenum, albumid, picid, caption) VALUES (24,3,'abf97ffd1f964f42790fb358e5258e8d','world_Reykjavik.jpg');
INSERT INTO Photo (picid) VALUES ('ea2db8b970671856e43dd011d7df5fad');
INSERT INTO Contain (sequencenum, albumid, picid, caption) VALUES (25,3,'ea2db8b970671856e43dd011d7df5fad','world_Seoul.jpg');
INSERT INTO Photo (picid) VALUES ('76d79b81b9073a2323f0790965b00a68');
INSERT INTO Contain (sequencenum, albumid, picid, caption) VALUES (26,3,'76d79b81b9073a2323f0790965b00a68','world_Stonehenge.jpg');
INSERT INTO Photo (picid) VALUES ('6510a4add59ef655ae3f0b6cdb24e140');
INSERT INTO Contain (sequencenum, albumid, picid, caption) VALUES (27,3,'6510a4add59ef655ae3f0b6cdb24e140','world_TajMahal.jpg');
INSERT INTO Photo (picid) VALUES ('28d38afca913a728b2a6bcf01aa011cd');
INSERT INTO Contain (sequencenum, albumid, picid, caption) VALUES (28,3,'28d38afca913a728b2a6bcf01aa011cd','world_TelAviv.jpg');
INSERT INTO Photo (picid) VALUES ('5fb04eb11cbf99429a05c12ce2f50615');
INSERT INTO Contain (sequencenum, albumid, picid, caption) VALUES (29,3,'5fb04eb11cbf99429a05c12ce2f50615','world_tokyo.jpg');
INSERT INTO Photo (picid) VALUES ('39ee267d13ccd32b50c1de7c2ece54d6');
INSERT INTO Contain (sequencenum, albumid, picid, caption) VALUES (30,3,'39ee267d13ccd32b50c1de7c2ece54d6','world_WashingtonDC.jpg');
